{
    "title": "Test RQ",
    "code": "trq20",
    "number": 20,
    "description": "Bulk uploaded assignment for class review",
    "questions": [
        {
            "title": "Class review 20 Question",
            "number": 1,
            "code": "q_20_0_0",
            "description": "Class review 20 Question 1\n",
            "start_time": "2020-10-07T09:00:15+05:30",
            "end_time": "2020-10-07T09:40:15+05:30",
            "tas": [
                "cvit.office@research.iiit.ac.in"
            ],
            "image": "main-20-0.pdf-0.png",
            "marks": 1,
            "options": [
                {
                    "name": "Option A",
                    "correct": false
                },
                {
                    "name": "Option B",
                    "correct": false
                },
                {
                    "name": "Option C",
                    "correct": false
                },
                {
                    "name": "Option D",
                    "correct": true
                },
                {
                    "name": "Option E",
                    "correct": false
                }
            ],
            "students": [
                "shivansh.anand@students.iiit.ac.in",
                "fiza.husain@students.iiit.ac.in",
                "siddireddy.akash@students.iiit.ac.in",
                "zia.bin@students.iiit.ac.in",
                "pushkar.talwalkar@students.iiit.ac.in",
                "tushar.patra@students.iiit.ac.in",
                "haripriya.ravali@students.iiit.ac.in",
                "abinash.maharana@research.iiit.ac.in",
                "dhruv.arya@students.iiit.ac.in",
                "anushree.korturti@students.iiit.ac.in",
                "prahallad.kosigi@students.iiit.ac.in",
                "praneet.kumar@students.iiit.ac.in",
                "hasir.mushtaq@students.iiit.ac.in",
                "yoogottam.khandelwal@students.iiit.ac.in",
                "sriven.reddy@students.iiit.ac.in",
                "sagar.joshi@research.iiit.ac.in",
                "divanshi.gupta@students.iiit.ac.in",
                "subodh.sondkar@students.iiit.ac.in",
                "dhruv.sharma@students.iiit.ac.in",
                "sai.tharun@students.iiit.ac.in",
                "anishka.sachdeva@students.iiit.ac.in",
                "mohammad.nomaan@research.iiit.ac.in",
                "arohi.srivastav@research.iiit.ac.in",
                "rishabh.daga@students.iiit.ac.in",
                "shiva.prasad@students.iiit.ac.in",
                "sachin.danisetty@students.iiit.ac.in",
                "mernedi.ashish@students.iiit.ac.in",
                "sanjay.chandlekar@research.iiit.ac.in",
                "tejaswini.anuhya@students.iiit.ac.in",
                "arpan.dasgupta@research.iiit.ac.in",
                "apoorva.thirupathi@research.iiit.ac.in",
                "balavarun.pedapudi@research.iiit.ac.in",
                "mallika.subramanian@students.iiit.ac.in",
                "neel.mishra@research.iiit.ac.in",
                "harika.katta@students.iiit.ac.in",
                "yaswanth.balivada@students.iiit.ac.in",
                "vishal.palled@research.iiit.ac.in",
                "hritik.narayan@research.iiit.ac.in",
                "avinash.prabhu@students.iiit.ac.in",
                "ahish.deshpande@students.iiit.ac.in",
                "shivam.mangale@students.iiit.ac.in",
                "giri.prasath@research.iiit.ac.in",
                "abhinav.vajrala@research.iiit.ac.in",
                "rahul.singh@students.iiit.ac.in",
                "kalyan.adithya@students.iiit.ac.in",
                "kinal.mehta@research.iiit.ac.in",
                "akshat.goyal@students.iiit.ac.in",
                "meena.raja@students.iiit.ac.in",
                "archana.pragada@research.iiit.ac.in",
                "gadela.kesav@students.iiit.ac.in",
                "sachin.raja@research.iiit.ac.in",
                "sridhar.van@students.iiit.ac.in",
                "tanmay.sachan@research.iiit.ac.in",
                "abhiram.bondada@students.iiit.ac.in",
                "venkata.surya@students.iiit.ac.in",
                "amey.kudari@students.iiit.ac.in",
                "aman.kashyap@research.iiit.ac.in",
                "rishav.kundu@research.iiit.ac.in",
                "priyanshu.madaan@students.iiit.ac.in",
                "snehith.kumar@students.iiit.ac.in",
                "mylavarapu.maheswara@students.iiit.ac.in",
                "jayati.narang@students.iiit.ac.in",
                "swati.dantu@research.iiit.ac.in",
                "rohan.grover@students.iiit.ac.in",
                "shivansh.rakesh@students.iiit.ac.in",
                "sai.jayanth@students.iiit.ac.in",
                "manav.bhatia@students.iiit.ac.in",
                "aniketh.reddimi@students.iiit.ac.in",
                "naren.akash@research.iiit.ac.in",
                "trusha.sakharkar@students.iiit.ac.in",
                "dama.sravani@research.iiit.ac.in"
            ]
        },
        {
            "title": "Class review 20 Question",
            "number": 2,
            "code": "q_20_0_1",
            "description": "Class review 20 Question 2\n",
            "start_time": "2020-10-07T09:00:15+05:30",
            "end_time": "2020-10-07T09:40:15+05:30",
            "tas": [
                "cvit.office@research.iiit.ac.in"
            ],
            "image": "main-20-0.pdf-1.png",
            "marks": 1,
            "options": [
                {
                    "name": "Option A",
                    "correct": true
                },
                {
                    "name": "Option B",
                    "correct": false
                },
                {
                    "name": "Option C",
                    "correct": true
                },
                {
                    "name": "Option D",
                    "correct": true
                },
                {
                    "name": "Option E",
                    "correct": false
                }
            ],
            "students": [
                "shivansh.anand@students.iiit.ac.in",
                "fiza.husain@students.iiit.ac.in",
                "siddireddy.akash@students.iiit.ac.in",
                "zia.bin@students.iiit.ac.in",
                "pushkar.talwalkar@students.iiit.ac.in",
                "tushar.patra@students.iiit.ac.in",
                "haripriya.ravali@students.iiit.ac.in",
                "abinash.maharana@research.iiit.ac.in",
                "dhruv.arya@students.iiit.ac.in",
                "anushree.korturti@students.iiit.ac.in",
                "prahallad.kosigi@students.iiit.ac.in",
                "praneet.kumar@students.iiit.ac.in",
                "hasir.mushtaq@students.iiit.ac.in",
                "yoogottam.khandelwal@students.iiit.ac.in",
                "sriven.reddy@students.iiit.ac.in",
                "sagar.joshi@research.iiit.ac.in",
                "divanshi.gupta@students.iiit.ac.in",
                "subodh.sondkar@students.iiit.ac.in",
                "dhruv.sharma@students.iiit.ac.in",
                "sai.tharun@students.iiit.ac.in",
                "anishka.sachdeva@students.iiit.ac.in",
                "mohammad.nomaan@research.iiit.ac.in",
                "arohi.srivastav@research.iiit.ac.in",
                "rishabh.daga@students.iiit.ac.in",
                "shiva.prasad@students.iiit.ac.in",
                "sachin.danisetty@students.iiit.ac.in",
                "mernedi.ashish@students.iiit.ac.in",
                "sanjay.chandlekar@research.iiit.ac.in",
                "tejaswini.anuhya@students.iiit.ac.in",
                "arpan.dasgupta@research.iiit.ac.in",
                "apoorva.thirupathi@research.iiit.ac.in",
                "balavarun.pedapudi@research.iiit.ac.in",
                "mallika.subramanian@students.iiit.ac.in",
                "neel.mishra@research.iiit.ac.in",
                "harika.katta@students.iiit.ac.in",
                "yaswanth.balivada@students.iiit.ac.in",
                "vishal.palled@research.iiit.ac.in",
                "hritik.narayan@research.iiit.ac.in",
                "avinash.prabhu@students.iiit.ac.in",
                "ahish.deshpande@students.iiit.ac.in",
                "shivam.mangale@students.iiit.ac.in",
                "giri.prasath@research.iiit.ac.in",
                "abhinav.vajrala@research.iiit.ac.in",
                "rahul.singh@students.iiit.ac.in",
                "kalyan.adithya@students.iiit.ac.in",
                "kinal.mehta@research.iiit.ac.in",
                "akshat.goyal@students.iiit.ac.in",
                "meena.raja@students.iiit.ac.in",
                "archana.pragada@research.iiit.ac.in",
                "gadela.kesav@students.iiit.ac.in",
                "sachin.raja@research.iiit.ac.in",
                "sridhar.van@students.iiit.ac.in",
                "tanmay.sachan@research.iiit.ac.in",
                "abhiram.bondada@students.iiit.ac.in",
                "venkata.surya@students.iiit.ac.in",
                "amey.kudari@students.iiit.ac.in",
                "aman.kashyap@research.iiit.ac.in",
                "rishav.kundu@research.iiit.ac.in",
                "priyanshu.madaan@students.iiit.ac.in",
                "snehith.kumar@students.iiit.ac.in",
                "mylavarapu.maheswara@students.iiit.ac.in",
                "jayati.narang@students.iiit.ac.in",
                "swati.dantu@research.iiit.ac.in",
                "rohan.grover@students.iiit.ac.in",
                "shivansh.rakesh@students.iiit.ac.in",
                "sai.jayanth@students.iiit.ac.in",
                "manav.bhatia@students.iiit.ac.in",
                "aniketh.reddimi@students.iiit.ac.in",
                "naren.akash@research.iiit.ac.in",
                "trusha.sakharkar@students.iiit.ac.in",
                "dama.sravani@research.iiit.ac.in"
            ]
        },
        {
            "title": "Class review 20 Question",
            "number": 3,
            "code": "q_20_0_2",
            "description": "Class review 20 Question 3\n",
            "start_time": "2020-10-07T09:00:15+05:30",
            "end_time": "2020-10-07T09:40:15+05:30",
            "tas": [
                "cvit.office@research.iiit.ac.in"
            ],
            "image": "main-20-0.pdf-2.png",
            "marks": 1,
            "options": [
                {
                    "name": "Option A",
                    "correct": false
                },
                {
                    "name": "Option B",
                    "correct": false
                },
                {
                    "name": "Option C",
                    "correct": true
                },
                {
                    "name": "Option D",
                    "correct": true
                },
                {
                    "name": "Option E",
                    "correct": false
                }
            ],
            "students": [
                "shivansh.anand@students.iiit.ac.in",
                "fiza.husain@students.iiit.ac.in",
                "siddireddy.akash@students.iiit.ac.in",
                "zia.bin@students.iiit.ac.in",
                "pushkar.talwalkar@students.iiit.ac.in",
                "tushar.patra@students.iiit.ac.in",
                "haripriya.ravali@students.iiit.ac.in",
                "abinash.maharana@research.iiit.ac.in",
                "dhruv.arya@students.iiit.ac.in",
                "anushree.korturti@students.iiit.ac.in",
                "prahallad.kosigi@students.iiit.ac.in",
                "praneet.kumar@students.iiit.ac.in",
                "hasir.mushtaq@students.iiit.ac.in",
                "yoogottam.khandelwal@students.iiit.ac.in",
                "sriven.reddy@students.iiit.ac.in",
                "sagar.joshi@research.iiit.ac.in",
                "divanshi.gupta@students.iiit.ac.in",
                "subodh.sondkar@students.iiit.ac.in",
                "dhruv.sharma@students.iiit.ac.in",
                "sai.tharun@students.iiit.ac.in",
                "anishka.sachdeva@students.iiit.ac.in",
                "mohammad.nomaan@research.iiit.ac.in",
                "arohi.srivastav@research.iiit.ac.in",
                "rishabh.daga@students.iiit.ac.in",
                "shiva.prasad@students.iiit.ac.in",
                "sachin.danisetty@students.iiit.ac.in",
                "mernedi.ashish@students.iiit.ac.in",
                "sanjay.chandlekar@research.iiit.ac.in",
                "tejaswini.anuhya@students.iiit.ac.in",
                "arpan.dasgupta@research.iiit.ac.in",
                "apoorva.thirupathi@research.iiit.ac.in",
                "balavarun.pedapudi@research.iiit.ac.in",
                "mallika.subramanian@students.iiit.ac.in",
                "neel.mishra@research.iiit.ac.in",
                "harika.katta@students.iiit.ac.in",
                "yaswanth.balivada@students.iiit.ac.in",
                "vishal.palled@research.iiit.ac.in",
                "hritik.narayan@research.iiit.ac.in",
                "avinash.prabhu@students.iiit.ac.in",
                "ahish.deshpande@students.iiit.ac.in",
                "shivam.mangale@students.iiit.ac.in",
                "giri.prasath@research.iiit.ac.in",
                "abhinav.vajrala@research.iiit.ac.in",
                "rahul.singh@students.iiit.ac.in",
                "kalyan.adithya@students.iiit.ac.in",
                "kinal.mehta@research.iiit.ac.in",
                "akshat.goyal@students.iiit.ac.in",
                "meena.raja@students.iiit.ac.in",
                "archana.pragada@research.iiit.ac.in",
                "gadela.kesav@students.iiit.ac.in",
                "sachin.raja@research.iiit.ac.in",
                "sridhar.van@students.iiit.ac.in",
                "tanmay.sachan@research.iiit.ac.in",
                "abhiram.bondada@students.iiit.ac.in",
                "venkata.surya@students.iiit.ac.in",
                "amey.kudari@students.iiit.ac.in",
                "aman.kashyap@research.iiit.ac.in",
                "rishav.kundu@research.iiit.ac.in",
                "priyanshu.madaan@students.iiit.ac.in",
                "snehith.kumar@students.iiit.ac.in",
                "mylavarapu.maheswara@students.iiit.ac.in",
                "jayati.narang@students.iiit.ac.in",
                "swati.dantu@research.iiit.ac.in",
                "rohan.grover@students.iiit.ac.in",
                "shivansh.rakesh@students.iiit.ac.in",
                "sai.jayanth@students.iiit.ac.in",
                "manav.bhatia@students.iiit.ac.in",
                "aniketh.reddimi@students.iiit.ac.in",
                "naren.akash@research.iiit.ac.in",
                "trusha.sakharkar@students.iiit.ac.in",
                "dama.sravani@research.iiit.ac.in"
            ]
        },
        {
            "title": "Class review 20 Question",
            "number": 4,
            "code": "q_20_0_3",
            "description": "Class review 20 Question 4\n",
            "start_time": "2020-10-07T09:00:15+05:30",
            "end_time": "2020-10-07T09:40:15+05:30",
            "tas": [
                "cvit.office@research.iiit.ac.in"
            ],
            "image": "main-20-0.pdf-3.png",
            "marks": 1,
            "options": [
                {
                    "name": "Option A",
                    "correct": true
                },
                {
                    "name": "Option B",
                    "correct": false
                },
                {
                    "name": "Option C",
                    "correct": false
                },
                {
                    "name": "Option D",
                    "correct": true
                },
                {
                    "name": "Option E",
                    "correct": false
                }
            ],
            "students": [
                "shivansh.anand@students.iiit.ac.in",
                "fiza.husain@students.iiit.ac.in",
                "siddireddy.akash@students.iiit.ac.in",
                "zia.bin@students.iiit.ac.in",
                "pushkar.talwalkar@students.iiit.ac.in",
                "tushar.patra@students.iiit.ac.in",
                "haripriya.ravali@students.iiit.ac.in",
                "abinash.maharana@research.iiit.ac.in",
                "dhruv.arya@students.iiit.ac.in",
                "anushree.korturti@students.iiit.ac.in",
                "prahallad.kosigi@students.iiit.ac.in",
                "praneet.kumar@students.iiit.ac.in",
                "hasir.mushtaq@students.iiit.ac.in",
                "yoogottam.khandelwal@students.iiit.ac.in",
                "sriven.reddy@students.iiit.ac.in",
                "sagar.joshi@research.iiit.ac.in",
                "divanshi.gupta@students.iiit.ac.in",
                "subodh.sondkar@students.iiit.ac.in",
                "dhruv.sharma@students.iiit.ac.in",
                "sai.tharun@students.iiit.ac.in",
                "anishka.sachdeva@students.iiit.ac.in",
                "mohammad.nomaan@research.iiit.ac.in",
                "arohi.srivastav@research.iiit.ac.in",
                "rishabh.daga@students.iiit.ac.in",
                "shiva.prasad@students.iiit.ac.in",
                "sachin.danisetty@students.iiit.ac.in",
                "mernedi.ashish@students.iiit.ac.in",
                "sanjay.chandlekar@research.iiit.ac.in",
                "tejaswini.anuhya@students.iiit.ac.in",
                "arpan.dasgupta@research.iiit.ac.in",
                "apoorva.thirupathi@research.iiit.ac.in",
                "balavarun.pedapudi@research.iiit.ac.in",
                "mallika.subramanian@students.iiit.ac.in",
                "neel.mishra@research.iiit.ac.in",
                "harika.katta@students.iiit.ac.in",
                "yaswanth.balivada@students.iiit.ac.in",
                "vishal.palled@research.iiit.ac.in",
                "hritik.narayan@research.iiit.ac.in",
                "avinash.prabhu@students.iiit.ac.in",
                "ahish.deshpande@students.iiit.ac.in",
                "shivam.mangale@students.iiit.ac.in",
                "giri.prasath@research.iiit.ac.in",
                "abhinav.vajrala@research.iiit.ac.in",
                "rahul.singh@students.iiit.ac.in",
                "kalyan.adithya@students.iiit.ac.in",
                "kinal.mehta@research.iiit.ac.in",
                "akshat.goyal@students.iiit.ac.in",
                "meena.raja@students.iiit.ac.in",
                "archana.pragada@research.iiit.ac.in",
                "gadela.kesav@students.iiit.ac.in",
                "sachin.raja@research.iiit.ac.in",
                "sridhar.van@students.iiit.ac.in",
                "tanmay.sachan@research.iiit.ac.in",
                "abhiram.bondada@students.iiit.ac.in",
                "venkata.surya@students.iiit.ac.in",
                "amey.kudari@students.iiit.ac.in",
                "aman.kashyap@research.iiit.ac.in",
                "rishav.kundu@research.iiit.ac.in",
                "priyanshu.madaan@students.iiit.ac.in",
                "snehith.kumar@students.iiit.ac.in",
                "mylavarapu.maheswara@students.iiit.ac.in",
                "jayati.narang@students.iiit.ac.in",
                "swati.dantu@research.iiit.ac.in",
                "rohan.grover@students.iiit.ac.in",
                "shivansh.rakesh@students.iiit.ac.in",
                "sai.jayanth@students.iiit.ac.in",
                "manav.bhatia@students.iiit.ac.in",
                "aniketh.reddimi@students.iiit.ac.in",
                "naren.akash@research.iiit.ac.in",
                "trusha.sakharkar@students.iiit.ac.in",
                "dama.sravani@research.iiit.ac.in"
            ]
        },
        {
            "title": "Class review 20 Question",
            "number": 5,
            "code": "q_20_0_4",
            "description": "Class review 20 Question 5\n",
            "start_time": "2020-10-07T09:00:15+05:30",
            "end_time": "2020-10-07T09:40:15+05:30",
            "tas": [
                "cvit.office@research.iiit.ac.in"
            ],
            "image": "main-20-0.pdf-4.png",
            "marks": 1,
            "options": [
                {
                    "name": "Option A",
                    "correct": true
                },
                {
                    "name": "Option B",
                    "correct": false
                },
                {
                    "name": "Option C",
                    "correct": false
                },
                {
                    "name": "Option D",
                    "correct": false
                },
                {
                    "name": "Option E",
                    "correct": false
                }
            ],
            "students": [
                "shivansh.anand@students.iiit.ac.in",
                "fiza.husain@students.iiit.ac.in",
                "siddireddy.akash@students.iiit.ac.in",
                "zia.bin@students.iiit.ac.in",
                "pushkar.talwalkar@students.iiit.ac.in",
                "tushar.patra@students.iiit.ac.in",
                "haripriya.ravali@students.iiit.ac.in",
                "abinash.maharana@research.iiit.ac.in",
                "dhruv.arya@students.iiit.ac.in",
                "anushree.korturti@students.iiit.ac.in",
                "prahallad.kosigi@students.iiit.ac.in",
                "praneet.kumar@students.iiit.ac.in",
                "hasir.mushtaq@students.iiit.ac.in",
                "yoogottam.khandelwal@students.iiit.ac.in",
                "sriven.reddy@students.iiit.ac.in",
                "sagar.joshi@research.iiit.ac.in",
                "divanshi.gupta@students.iiit.ac.in",
                "subodh.sondkar@students.iiit.ac.in",
                "dhruv.sharma@students.iiit.ac.in",
                "sai.tharun@students.iiit.ac.in",
                "anishka.sachdeva@students.iiit.ac.in",
                "mohammad.nomaan@research.iiit.ac.in",
                "arohi.srivastav@research.iiit.ac.in",
                "rishabh.daga@students.iiit.ac.in",
                "shiva.prasad@students.iiit.ac.in",
                "sachin.danisetty@students.iiit.ac.in",
                "mernedi.ashish@students.iiit.ac.in",
                "sanjay.chandlekar@research.iiit.ac.in",
                "tejaswini.anuhya@students.iiit.ac.in",
                "arpan.dasgupta@research.iiit.ac.in",
                "apoorva.thirupathi@research.iiit.ac.in",
                "balavarun.pedapudi@research.iiit.ac.in",
                "mallika.subramanian@students.iiit.ac.in",
                "neel.mishra@research.iiit.ac.in",
                "harika.katta@students.iiit.ac.in",
                "yaswanth.balivada@students.iiit.ac.in",
                "vishal.palled@research.iiit.ac.in",
                "hritik.narayan@research.iiit.ac.in",
                "avinash.prabhu@students.iiit.ac.in",
                "ahish.deshpande@students.iiit.ac.in",
                "shivam.mangale@students.iiit.ac.in",
                "giri.prasath@research.iiit.ac.in",
                "abhinav.vajrala@research.iiit.ac.in",
                "rahul.singh@students.iiit.ac.in",
                "kalyan.adithya@students.iiit.ac.in",
                "kinal.mehta@research.iiit.ac.in",
                "akshat.goyal@students.iiit.ac.in",
                "meena.raja@students.iiit.ac.in",
                "archana.pragada@research.iiit.ac.in",
                "gadela.kesav@students.iiit.ac.in",
                "sachin.raja@research.iiit.ac.in",
                "sridhar.van@students.iiit.ac.in",
                "tanmay.sachan@research.iiit.ac.in",
                "abhiram.bondada@students.iiit.ac.in",
                "venkata.surya@students.iiit.ac.in",
                "amey.kudari@students.iiit.ac.in",
                "aman.kashyap@research.iiit.ac.in",
                "rishav.kundu@research.iiit.ac.in",
                "priyanshu.madaan@students.iiit.ac.in",
                "snehith.kumar@students.iiit.ac.in",
                "mylavarapu.maheswara@students.iiit.ac.in",
                "jayati.narang@students.iiit.ac.in",
                "swati.dantu@research.iiit.ac.in",
                "rohan.grover@students.iiit.ac.in",
                "shivansh.rakesh@students.iiit.ac.in",
                "sai.jayanth@students.iiit.ac.in",
                "manav.bhatia@students.iiit.ac.in",
                "aniketh.reddimi@students.iiit.ac.in",
                "naren.akash@research.iiit.ac.in",
                "trusha.sakharkar@students.iiit.ac.in",
                "dama.sravani@research.iiit.ac.in"
            ]
        },
        {
            "title": "Class review 20 Question",
            "number": 1,
            "code": "q_20_1_0",
            "description": "Class review 20 Question 1\n",
            "start_time": "2020-10-07T09:00:15+05:30",
            "end_time": "2020-10-07T09:40:15+05:30",
            "tas": [
                "cvit.office@research.iiit.ac.in"
            ],
            "image": "main-20-1.pdf-0.png",
            "marks": 1,
            "options": [
                {
                    "name": "Option A",
                    "correct": false
                },
                {
                    "name": "Option B",
                    "correct": false
                },
                {
                    "name": "Option C",
                    "correct": true
                },
                {
                    "name": "Option D",
                    "correct": true
                },
                {
                    "name": "Option E",
                    "correct": false
                }
            ],
            "students": [
                "samartha.s@students.iiit.ac.in",
                "swastik.murawat@students.iiit.ac.in",
                "deepthi.karnam@research.iiit.ac.in",
                "mukund.choudhary@research.iiit.ac.in",
                "shivam.nayak@students.iiit.ac.in",
                "dolton.fernandes@research.iiit.ac.in",
                "tanish.lad@research.iiit.ac.in",
                "anurag.reddy@research.iiit.ac.in",
                "vishnu.sai@students.iiit.ac.in",
                "bhuvanesh.sridharan@research.iiit.ac.in",
                "prabhav.bansal@students.iiit.ac.in",
                "gautham.venugopal@research.iiit.ac.in",
                "ansh.puvvada@students.iiit.ac.in",
                "akshat.gahoi@research.iiit.ac.in",
                "kishan.sairam@students.iiit.ac.in",
                "abhinaba.bala@research.iiit.ac.in",
                "raja.mavullu@students.iiit.ac.in",
                "parv.joshi@students.iiit.ac.in",
                "swayatta.daw@research.iiit.ac.in",
                "siddharth.j@students.iiit.ac.in",
                "ojas.mohril@students.iiit.ac.in",
                "gowthami.gongati@students.iiit.ac.in",
                "tushar.joshi@students.iiit.ac.in",
                "jaiwanth.mandava@students.iiit.ac.in",
                "pranav.tadimeti@students.iiit.ac.in",
                "pullamma.mayakuntla@students.iiit.ac.in",
                "sreedhar.aitipamula@students.iiit.ac.in",
                "anirudh.p@students.iiit.ac.in",
                "meeraj.kanaparthi@students.iiit.ac.in",
                "lakshmi.madhuri@students.iiit.ac.in",
                "jawahar@iiit.ac.in",
                "kushagra.agarwal@research.iiit.ac.in",
                "rajat.pal@students.iiit.ac.in",
                "mohit.pavan@students.iiit.ac.in",
                "ainsly.dsouza@students.iiit.ac.in",
                "istasis.mishra@research.iiit.ac.in",
                "utkarsh.mishra@students.iiit.ac.in",
                "santhosh.reddy@students.iiit.ac.in",
                "animesh.sinha@research.iiit.ac.in",
                "tanvi.kamble@research.iiit.ac.in",
                "rupak.lazarus@research.iiit.ac.in",
                "ritam.basu@research.iiit.ac.in",
                "aryan.agarwal@students.iiit.ac.in",
                "sasanka.chekuri@students.iiit.ac.in",
                "vivek.pamnani@research.iiit.ac.in",
                "karan.mirakhor@students.iiit.ac.in",
                "apoorva.srivastava@research.iiit.ac.in",
                "tejaswini.dharani@research.iiit.ac.in",
                "md.kalesha@students.iiit.ac.in",
                "tirth.upadhyaya@students.iiit.ac.in",
                "patlolla.reddy@students.iiit.ac.in",
                "ruchi.pandey@research.iiit.ac.in",
                "saisrinivasa.likhit@students.iiit.ac.in",
                "narasinga.vamshi@research.iiit.ac.in",
                "shubham.dokania@research.iiit.ac.in",
                "monil.gokani@research.iiit.ac.in",
                "aakash.dantre@students.iiit.ac.in",
                "pranav.kirsur@students.iiit.ac.in",
                "khadiravana.belagavi@research.iiit.ac.in",
                "siddhant.singh@students.iiit.ac.in",
                "k.mohan@students.iiit.ac.in",
                "sudha.devi@students.iiit.ac.in",
                "saiteja.k@research.iiit.ac.in",
                "madhuri.latha@research.iiit.ac.in",
                "jashn.arora@research.iiit.ac.in",
                "george.tom@research.iiit.ac.in",
                "divyank.shah@students.iiit.ac.in",
                "tanmay.khabia@students.iiit.ac.in",
                "sartak.periwal@students.iiit.ac.in",
                "raghav.saboo@students.iiit.ac.in",
                "shivansh.seth@research.iiit.ac.in"
            ]
        },
        {
            "title": "Class review 20 Question",
            "number": 2,
            "code": "q_20_1_1",
            "description": "Class review 20 Question 2\n",
            "start_time": "2020-10-07T09:00:15+05:30",
            "end_time": "2020-10-07T09:40:15+05:30",
            "tas": [
                "cvit.office@research.iiit.ac.in"
            ],
            "image": "main-20-1.pdf-1.png",
            "marks": 1,
            "options": [
                {
                    "name": "Option A",
                    "correct": true
                },
                {
                    "name": "Option B",
                    "correct": true
                },
                {
                    "name": "Option C",
                    "correct": true
                },
                {
                    "name": "Option D",
                    "correct": false
                },
                {
                    "name": "Option E",
                    "correct": false
                }
            ],
            "students": [
                "samartha.s@students.iiit.ac.in",
                "swastik.murawat@students.iiit.ac.in",
                "deepthi.karnam@research.iiit.ac.in",
                "mukund.choudhary@research.iiit.ac.in",
                "shivam.nayak@students.iiit.ac.in",
                "dolton.fernandes@research.iiit.ac.in",
                "tanish.lad@research.iiit.ac.in",
                "anurag.reddy@research.iiit.ac.in",
                "vishnu.sai@students.iiit.ac.in",
                "bhuvanesh.sridharan@research.iiit.ac.in",
                "prabhav.bansal@students.iiit.ac.in",
                "gautham.venugopal@research.iiit.ac.in",
                "ansh.puvvada@students.iiit.ac.in",
                "akshat.gahoi@research.iiit.ac.in",
                "kishan.sairam@students.iiit.ac.in",
                "abhinaba.bala@research.iiit.ac.in",
                "raja.mavullu@students.iiit.ac.in",
                "parv.joshi@students.iiit.ac.in",
                "swayatta.daw@research.iiit.ac.in",
                "siddharth.j@students.iiit.ac.in",
                "ojas.mohril@students.iiit.ac.in",
                "gowthami.gongati@students.iiit.ac.in",
                "tushar.joshi@students.iiit.ac.in",
                "jaiwanth.mandava@students.iiit.ac.in",
                "pranav.tadimeti@students.iiit.ac.in",
                "pullamma.mayakuntla@students.iiit.ac.in",
                "sreedhar.aitipamula@students.iiit.ac.in",
                "anirudh.p@students.iiit.ac.in",
                "meeraj.kanaparthi@students.iiit.ac.in",
                "lakshmi.madhuri@students.iiit.ac.in",
                "jawahar@iiit.ac.in",
                "kushagra.agarwal@research.iiit.ac.in",
                "rajat.pal@students.iiit.ac.in",
                "mohit.pavan@students.iiit.ac.in",
                "ainsly.dsouza@students.iiit.ac.in",
                "istasis.mishra@research.iiit.ac.in",
                "utkarsh.mishra@students.iiit.ac.in",
                "santhosh.reddy@students.iiit.ac.in",
                "animesh.sinha@research.iiit.ac.in",
                "tanvi.kamble@research.iiit.ac.in",
                "rupak.lazarus@research.iiit.ac.in",
                "ritam.basu@research.iiit.ac.in",
                "aryan.agarwal@students.iiit.ac.in",
                "sasanka.chekuri@students.iiit.ac.in",
                "vivek.pamnani@research.iiit.ac.in",
                "karan.mirakhor@students.iiit.ac.in",
                "apoorva.srivastava@research.iiit.ac.in",
                "tejaswini.dharani@research.iiit.ac.in",
                "md.kalesha@students.iiit.ac.in",
                "tirth.upadhyaya@students.iiit.ac.in",
                "patlolla.reddy@students.iiit.ac.in",
                "ruchi.pandey@research.iiit.ac.in",
                "saisrinivasa.likhit@students.iiit.ac.in",
                "narasinga.vamshi@research.iiit.ac.in",
                "shubham.dokania@research.iiit.ac.in",
                "monil.gokani@research.iiit.ac.in",
                "aakash.dantre@students.iiit.ac.in",
                "pranav.kirsur@students.iiit.ac.in",
                "khadiravana.belagavi@research.iiit.ac.in",
                "siddhant.singh@students.iiit.ac.in",
                "k.mohan@students.iiit.ac.in",
                "sudha.devi@students.iiit.ac.in",
                "saiteja.k@research.iiit.ac.in",
                "madhuri.latha@research.iiit.ac.in",
                "jashn.arora@research.iiit.ac.in",
                "george.tom@research.iiit.ac.in",
                "divyank.shah@students.iiit.ac.in",
                "tanmay.khabia@students.iiit.ac.in",
                "sartak.periwal@students.iiit.ac.in",
                "raghav.saboo@students.iiit.ac.in",
                "shivansh.seth@research.iiit.ac.in"
            ]
        },
        {
            "title": "Class review 20 Question",
            "number": 3,
            "code": "q_20_1_2",
            "description": "Class review 20 Question 3\n",
            "start_time": "2020-10-07T09:00:15+05:30",
            "end_time": "2020-10-07T09:40:15+05:30",
            "tas": [
                "cvit.office@research.iiit.ac.in"
            ],
            "image": "main-20-1.pdf-2.png",
            "marks": 1,
            "options": [
                {
                    "name": "Option A",
                    "correct": false
                },
                {
                    "name": "Option B",
                    "correct": false
                },
                {
                    "name": "Option C",
                    "correct": true
                },
                {
                    "name": "Option D",
                    "correct": false
                },
                {
                    "name": "Option E",
                    "correct": false
                }
            ],
            "students": [
                "samartha.s@students.iiit.ac.in",
                "swastik.murawat@students.iiit.ac.in",
                "deepthi.karnam@research.iiit.ac.in",
                "mukund.choudhary@research.iiit.ac.in",
                "shivam.nayak@students.iiit.ac.in",
                "dolton.fernandes@research.iiit.ac.in",
                "tanish.lad@research.iiit.ac.in",
                "anurag.reddy@research.iiit.ac.in",
                "vishnu.sai@students.iiit.ac.in",
                "bhuvanesh.sridharan@research.iiit.ac.in",
                "prabhav.bansal@students.iiit.ac.in",
                "gautham.venugopal@research.iiit.ac.in",
                "ansh.puvvada@students.iiit.ac.in",
                "akshat.gahoi@research.iiit.ac.in",
                "kishan.sairam@students.iiit.ac.in",
                "abhinaba.bala@research.iiit.ac.in",
                "raja.mavullu@students.iiit.ac.in",
                "parv.joshi@students.iiit.ac.in",
                "swayatta.daw@research.iiit.ac.in",
                "siddharth.j@students.iiit.ac.in",
                "ojas.mohril@students.iiit.ac.in",
                "gowthami.gongati@students.iiit.ac.in",
                "tushar.joshi@students.iiit.ac.in",
                "jaiwanth.mandava@students.iiit.ac.in",
                "pranav.tadimeti@students.iiit.ac.in",
                "pullamma.mayakuntla@students.iiit.ac.in",
                "sreedhar.aitipamula@students.iiit.ac.in",
                "anirudh.p@students.iiit.ac.in",
                "meeraj.kanaparthi@students.iiit.ac.in",
                "lakshmi.madhuri@students.iiit.ac.in",
                "jawahar@iiit.ac.in",
                "kushagra.agarwal@research.iiit.ac.in",
                "rajat.pal@students.iiit.ac.in",
                "mohit.pavan@students.iiit.ac.in",
                "ainsly.dsouza@students.iiit.ac.in",
                "istasis.mishra@research.iiit.ac.in",
                "utkarsh.mishra@students.iiit.ac.in",
                "santhosh.reddy@students.iiit.ac.in",
                "animesh.sinha@research.iiit.ac.in",
                "tanvi.kamble@research.iiit.ac.in",
                "rupak.lazarus@research.iiit.ac.in",
                "ritam.basu@research.iiit.ac.in",
                "aryan.agarwal@students.iiit.ac.in",
                "sasanka.chekuri@students.iiit.ac.in",
                "vivek.pamnani@research.iiit.ac.in",
                "karan.mirakhor@students.iiit.ac.in",
                "apoorva.srivastava@research.iiit.ac.in",
                "tejaswini.dharani@research.iiit.ac.in",
                "md.kalesha@students.iiit.ac.in",
                "tirth.upadhyaya@students.iiit.ac.in",
                "patlolla.reddy@students.iiit.ac.in",
                "ruchi.pandey@research.iiit.ac.in",
                "saisrinivasa.likhit@students.iiit.ac.in",
                "narasinga.vamshi@research.iiit.ac.in",
                "shubham.dokania@research.iiit.ac.in",
                "monil.gokani@research.iiit.ac.in",
                "aakash.dantre@students.iiit.ac.in",
                "pranav.kirsur@students.iiit.ac.in",
                "khadiravana.belagavi@research.iiit.ac.in",
                "siddhant.singh@students.iiit.ac.in",
                "k.mohan@students.iiit.ac.in",
                "sudha.devi@students.iiit.ac.in",
                "saiteja.k@research.iiit.ac.in",
                "madhuri.latha@research.iiit.ac.in",
                "jashn.arora@research.iiit.ac.in",
                "george.tom@research.iiit.ac.in",
                "divyank.shah@students.iiit.ac.in",
                "tanmay.khabia@students.iiit.ac.in",
                "sartak.periwal@students.iiit.ac.in",
                "raghav.saboo@students.iiit.ac.in",
                "shivansh.seth@research.iiit.ac.in"
            ]
        },
        {
            "title": "Class review 20 Question",
            "number": 4,
            "code": "q_20_1_3",
            "description": "Class review 20 Question 4\n",
            "start_time": "2020-10-07T09:00:15+05:30",
            "end_time": "2020-10-07T09:40:15+05:30",
            "tas": [
                "cvit.office@research.iiit.ac.in"
            ],
            "image": "main-20-1.pdf-3.png",
            "marks": 1,
            "options": [
                {
                    "name": "Option A",
                    "correct": false
                },
                {
                    "name": "Option B",
                    "correct": false
                },
                {
                    "name": "Option C",
                    "correct": false
                },
                {
                    "name": "Option D",
                    "correct": false
                },
                {
                    "name": "Option E",
                    "correct": true
                }
            ],
            "students": [
                "samartha.s@students.iiit.ac.in",
                "swastik.murawat@students.iiit.ac.in",
                "deepthi.karnam@research.iiit.ac.in",
                "mukund.choudhary@research.iiit.ac.in",
                "shivam.nayak@students.iiit.ac.in",
                "dolton.fernandes@research.iiit.ac.in",
                "tanish.lad@research.iiit.ac.in",
                "anurag.reddy@research.iiit.ac.in",
                "vishnu.sai@students.iiit.ac.in",
                "bhuvanesh.sridharan@research.iiit.ac.in",
                "prabhav.bansal@students.iiit.ac.in",
                "gautham.venugopal@research.iiit.ac.in",
                "ansh.puvvada@students.iiit.ac.in",
                "akshat.gahoi@research.iiit.ac.in",
                "kishan.sairam@students.iiit.ac.in",
                "abhinaba.bala@research.iiit.ac.in",
                "raja.mavullu@students.iiit.ac.in",
                "parv.joshi@students.iiit.ac.in",
                "swayatta.daw@research.iiit.ac.in",
                "siddharth.j@students.iiit.ac.in",
                "ojas.mohril@students.iiit.ac.in",
                "gowthami.gongati@students.iiit.ac.in",
                "tushar.joshi@students.iiit.ac.in",
                "jaiwanth.mandava@students.iiit.ac.in",
                "pranav.tadimeti@students.iiit.ac.in",
                "pullamma.mayakuntla@students.iiit.ac.in",
                "sreedhar.aitipamula@students.iiit.ac.in",
                "anirudh.p@students.iiit.ac.in",
                "meeraj.kanaparthi@students.iiit.ac.in",
                "lakshmi.madhuri@students.iiit.ac.in",
                "jawahar@iiit.ac.in",
                "kushagra.agarwal@research.iiit.ac.in",
                "rajat.pal@students.iiit.ac.in",
                "mohit.pavan@students.iiit.ac.in",
                "ainsly.dsouza@students.iiit.ac.in",
                "istasis.mishra@research.iiit.ac.in",
                "utkarsh.mishra@students.iiit.ac.in",
                "santhosh.reddy@students.iiit.ac.in",
                "animesh.sinha@research.iiit.ac.in",
                "tanvi.kamble@research.iiit.ac.in",
                "rupak.lazarus@research.iiit.ac.in",
                "ritam.basu@research.iiit.ac.in",
                "aryan.agarwal@students.iiit.ac.in",
                "sasanka.chekuri@students.iiit.ac.in",
                "vivek.pamnani@research.iiit.ac.in",
                "karan.mirakhor@students.iiit.ac.in",
                "apoorva.srivastava@research.iiit.ac.in",
                "tejaswini.dharani@research.iiit.ac.in",
                "md.kalesha@students.iiit.ac.in",
                "tirth.upadhyaya@students.iiit.ac.in",
                "patlolla.reddy@students.iiit.ac.in",
                "ruchi.pandey@research.iiit.ac.in",
                "saisrinivasa.likhit@students.iiit.ac.in",
                "narasinga.vamshi@research.iiit.ac.in",
                "shubham.dokania@research.iiit.ac.in",
                "monil.gokani@research.iiit.ac.in",
                "aakash.dantre@students.iiit.ac.in",
                "pranav.kirsur@students.iiit.ac.in",
                "khadiravana.belagavi@research.iiit.ac.in",
                "siddhant.singh@students.iiit.ac.in",
                "k.mohan@students.iiit.ac.in",
                "sudha.devi@students.iiit.ac.in",
                "saiteja.k@research.iiit.ac.in",
                "madhuri.latha@research.iiit.ac.in",
                "jashn.arora@research.iiit.ac.in",
                "george.tom@research.iiit.ac.in",
                "divyank.shah@students.iiit.ac.in",
                "tanmay.khabia@students.iiit.ac.in",
                "sartak.periwal@students.iiit.ac.in",
                "raghav.saboo@students.iiit.ac.in",
                "shivansh.seth@research.iiit.ac.in"
            ]
        },
        {
            "title": "Class review 20 Question",
            "number": 5,
            "code": "q_20_1_4",
            "description": "Class review 20 Question 5\n",
            "start_time": "2020-10-07T09:00:15+05:30",
            "end_time": "2020-10-07T09:40:15+05:30",
            "tas": [
                "cvit.office@research.iiit.ac.in"
            ],
            "image": "main-20-1.pdf-4.png",
            "marks": 1,
            "options": [
                {
                    "name": "Option A",
                    "correct": false
                },
                {
                    "name": "Option B",
                    "correct": false
                },
                {
                    "name": "Option C",
                    "correct": false
                },
                {
                    "name": "Option D",
                    "correct": true
                },
                {
                    "name": "Option E",
                    "correct": true
                }
            ],
            "students": [
                "samartha.s@students.iiit.ac.in",
                "swastik.murawat@students.iiit.ac.in",
                "deepthi.karnam@research.iiit.ac.in",
                "mukund.choudhary@research.iiit.ac.in",
                "shivam.nayak@students.iiit.ac.in",
                "dolton.fernandes@research.iiit.ac.in",
                "tanish.lad@research.iiit.ac.in",
                "anurag.reddy@research.iiit.ac.in",
                "vishnu.sai@students.iiit.ac.in",
                "bhuvanesh.sridharan@research.iiit.ac.in",
                "prabhav.bansal@students.iiit.ac.in",
                "gautham.venugopal@research.iiit.ac.in",
                "ansh.puvvada@students.iiit.ac.in",
                "akshat.gahoi@research.iiit.ac.in",
                "kishan.sairam@students.iiit.ac.in",
                "abhinaba.bala@research.iiit.ac.in",
                "raja.mavullu@students.iiit.ac.in",
                "parv.joshi@students.iiit.ac.in",
                "swayatta.daw@research.iiit.ac.in",
                "siddharth.j@students.iiit.ac.in",
                "ojas.mohril@students.iiit.ac.in",
                "gowthami.gongati@students.iiit.ac.in",
                "tushar.joshi@students.iiit.ac.in",
                "jaiwanth.mandava@students.iiit.ac.in",
                "pranav.tadimeti@students.iiit.ac.in",
                "pullamma.mayakuntla@students.iiit.ac.in",
                "sreedhar.aitipamula@students.iiit.ac.in",
                "anirudh.p@students.iiit.ac.in",
                "meeraj.kanaparthi@students.iiit.ac.in",
                "lakshmi.madhuri@students.iiit.ac.in",
                "jawahar@iiit.ac.in",
                "kushagra.agarwal@research.iiit.ac.in",
                "rajat.pal@students.iiit.ac.in",
                "mohit.pavan@students.iiit.ac.in",
                "ainsly.dsouza@students.iiit.ac.in",
                "istasis.mishra@research.iiit.ac.in",
                "utkarsh.mishra@students.iiit.ac.in",
                "santhosh.reddy@students.iiit.ac.in",
                "animesh.sinha@research.iiit.ac.in",
                "tanvi.kamble@research.iiit.ac.in",
                "rupak.lazarus@research.iiit.ac.in",
                "ritam.basu@research.iiit.ac.in",
                "aryan.agarwal@students.iiit.ac.in",
                "sasanka.chekuri@students.iiit.ac.in",
                "vivek.pamnani@research.iiit.ac.in",
                "karan.mirakhor@students.iiit.ac.in",
                "apoorva.srivastava@research.iiit.ac.in",
                "tejaswini.dharani@research.iiit.ac.in",
                "md.kalesha@students.iiit.ac.in",
                "tirth.upadhyaya@students.iiit.ac.in",
                "patlolla.reddy@students.iiit.ac.in",
                "ruchi.pandey@research.iiit.ac.in",
                "saisrinivasa.likhit@students.iiit.ac.in",
                "narasinga.vamshi@research.iiit.ac.in",
                "shubham.dokania@research.iiit.ac.in",
                "monil.gokani@research.iiit.ac.in",
                "aakash.dantre@students.iiit.ac.in",
                "pranav.kirsur@students.iiit.ac.in",
                "khadiravana.belagavi@research.iiit.ac.in",
                "siddhant.singh@students.iiit.ac.in",
                "k.mohan@students.iiit.ac.in",
                "sudha.devi@students.iiit.ac.in",
                "saiteja.k@research.iiit.ac.in",
                "madhuri.latha@research.iiit.ac.in",
                "jashn.arora@research.iiit.ac.in",
                "george.tom@research.iiit.ac.in",
                "divyank.shah@students.iiit.ac.in",
                "tanmay.khabia@students.iiit.ac.in",
                "sartak.periwal@students.iiit.ac.in",
                "raghav.saboo@students.iiit.ac.in",
                "shivansh.seth@research.iiit.ac.in"
            ]
        },
        {
            "title": "Class review 20 Question",
            "number": 1,
            "code": "q_20_2_0",
            "description": "Class review 20 Question 1\n",
            "start_time": "2020-10-07T09:00:15+05:30",
            "end_time": "2020-10-07T09:40:15+05:30",
            "tas": [
                "cvit.office@research.iiit.ac.in"
            ],
            "image": "main-20-2.pdf-0.png",
            "marks": 1,
            "options": [
                {
                    "name": "Option A",
                    "correct": true
                },
                {
                    "name": "Option B",
                    "correct": false
                },
                {
                    "name": "Option C",
                    "correct": false
                },
                {
                    "name": "Option D",
                    "correct": true
                },
                {
                    "name": "Option E",
                    "correct": false
                }
            ],
            "students": [
                "padma.lochan@research.iiit.ac.in",
                "jayant.duneja@students.iiit.ac.in",
                "nishant.sachdeva@research.iiit.ac.in",
                "kalp.shah@research.iiit.ac.in",
                "vasu.singhal@students.iiit.ac.in",
                "mayank.go@students.iiit.ac.in",
                "nikhil.lamba@research.iiit.ac.in",
                "fanish.jain@students.iiit.ac.in",
                "pramud.bommakanti@students.iiit.ac.in",
                "archit.goyal@research.iiit.ac.in",
                "shantanu.agrawal@students.iiit.ac.in",
                "jay.sharma@students.iiit.ac.in",
                "jhanvi.shingala@research.iiit.ac.in",
                "abhyudit.mohla@research.iiit.ac.in",
                "jaidev.shriram@students.iiit.ac.in",
                "jyoti.sunkara@students.iiit.ac.in",
                "amit.pandey@research.iiit.ac.in",
                "nikhil.e@research.iiit.ac.in",
                "vinay.kumar@students.iiit.ac.in",
                "umesh.chandra@students.iiit.ac.in",
                "satyam.viksit@students.iiit.ac.in",
                "amit.verma@students.iiit.ac.in",
                "shahbaz.shaik@research.iiit.ac.in",
                "hetav.panchani@students.iiit.ac.in",
                "loay.rashid@students.iiit.ac.in",
                "dipanwita.g@research.iiit.ac.in",
                "harshika.jain@students.iiit.ac.in",
                "sachin.chandani@students.iiit.ac.in",
                "krishna.tulsyan@research.iiit.ac.in",
                "supreeth.karan@research.iiit.ac.in",
                "haripraveen.s@students.iiit.ac.in",
                "vipul.chhabra@research.iiit.ac.in",
                "naman.baheti@students.iiit.ac.in",
                "arnav.juneja@students.iiit.ac.in",
                "sri.nemani@students.iiit.ac.in",
                "srivathsan.baskran@students.iiit.ac.in",
                "sarthak.tripathi@research.iiit.ac.in",
                "shivaan.sehgal@research.iiit.ac.in",
                "ammar.ahmed@students.iiit.ac.in",
                "siddharth.gaur@students.iiit.ac.in",
                "sai.shashank@research.iiit.ac.in",
                "abhishek.shah@students.iiit.ac.in",
                "sajal.khandelwal@research.iiit.ac.in",
                "shradha.sehgal@students.iiit.ac.in",
                "astitva.gupta@students.iiit.ac.in",
                "shikhar.garg@students.iiit.ac.in",
                "jasshan.goel@students.iiit.ac.in",
                "jivitesh.jain@students.iiit.ac.in",
                "joseph.cherukara@research.iiit.ac.in",
                "umamahesh.j@students.iiit.ac.in",
                "anubhav.sharma@research.iiit.ac.in",
                "prerna.g@students.iiit.ac.in",
                "kshitesh.kasaraneni@students.iiit.ac.in",
                "manish.singh@research.iiit.ac.in",
                "daksh.rawat@students.iiit.ac.in",
                "kajal.sanklecha@research.iiit.ac.in",
                "sriharshitha.b@research.iiit.ac.in",
                "sonu.guru@students.iiit.ac.in",
                "satyajit.tourani@research.iiit.ac.in",
                "koushik.viswanadha@students.iiit.ac.in",
                "risubh.jain@students.iiit.ac.in",
                "abhishek.gangapuram@students.iiit.ac.in",
                "sai.tanmay@students.iiit.ac.in",
                "cvit.office@research.iiit.ac.in",
                "vishal.verma@students.iiit.ac.in",
                "sshreevignesh.s@research.iiit.ac.in",
                "mohsin.mamoon@students.iiit.ac.in",
                "vedant.mundheda@research.iiit.ac.in",
                "pranathi.bhuvanagiri@students.iiit.ac.in",
                "kanish.anand@students.iiit.ac.in",
                "shivprasad.sagare@research.iiit.ac.in"
            ]
        },
        {
            "title": "Class review 20 Question",
            "number": 2,
            "code": "q_20_2_1",
            "description": "Class review 20 Question 2\n",
            "start_time": "2020-10-07T09:00:15+05:30",
            "end_time": "2020-10-07T09:40:15+05:30",
            "tas": [
                "cvit.office@research.iiit.ac.in"
            ],
            "image": "main-20-2.pdf-1.png",
            "marks": 1,
            "options": [
                {
                    "name": "Option A",
                    "correct": true
                },
                {
                    "name": "Option B",
                    "correct": false
                },
                {
                    "name": "Option C",
                    "correct": false
                },
                {
                    "name": "Option D",
                    "correct": false
                },
                {
                    "name": "Option E",
                    "correct": false
                }
            ],
            "students": [
                "padma.lochan@research.iiit.ac.in",
                "jayant.duneja@students.iiit.ac.in",
                "nishant.sachdeva@research.iiit.ac.in",
                "kalp.shah@research.iiit.ac.in",
                "vasu.singhal@students.iiit.ac.in",
                "mayank.go@students.iiit.ac.in",
                "nikhil.lamba@research.iiit.ac.in",
                "fanish.jain@students.iiit.ac.in",
                "pramud.bommakanti@students.iiit.ac.in",
                "archit.goyal@research.iiit.ac.in",
                "shantanu.agrawal@students.iiit.ac.in",
                "jay.sharma@students.iiit.ac.in",
                "jhanvi.shingala@research.iiit.ac.in",
                "abhyudit.mohla@research.iiit.ac.in",
                "jaidev.shriram@students.iiit.ac.in",
                "jyoti.sunkara@students.iiit.ac.in",
                "amit.pandey@research.iiit.ac.in",
                "nikhil.e@research.iiit.ac.in",
                "vinay.kumar@students.iiit.ac.in",
                "umesh.chandra@students.iiit.ac.in",
                "satyam.viksit@students.iiit.ac.in",
                "amit.verma@students.iiit.ac.in",
                "shahbaz.shaik@research.iiit.ac.in",
                "hetav.panchani@students.iiit.ac.in",
                "loay.rashid@students.iiit.ac.in",
                "dipanwita.g@research.iiit.ac.in",
                "harshika.jain@students.iiit.ac.in",
                "sachin.chandani@students.iiit.ac.in",
                "krishna.tulsyan@research.iiit.ac.in",
                "supreeth.karan@research.iiit.ac.in",
                "haripraveen.s@students.iiit.ac.in",
                "vipul.chhabra@research.iiit.ac.in",
                "naman.baheti@students.iiit.ac.in",
                "arnav.juneja@students.iiit.ac.in",
                "sri.nemani@students.iiit.ac.in",
                "srivathsan.baskran@students.iiit.ac.in",
                "sarthak.tripathi@research.iiit.ac.in",
                "shivaan.sehgal@research.iiit.ac.in",
                "ammar.ahmed@students.iiit.ac.in",
                "siddharth.gaur@students.iiit.ac.in",
                "sai.shashank@research.iiit.ac.in",
                "abhishek.shah@students.iiit.ac.in",
                "sajal.khandelwal@research.iiit.ac.in",
                "shradha.sehgal@students.iiit.ac.in",
                "astitva.gupta@students.iiit.ac.in",
                "shikhar.garg@students.iiit.ac.in",
                "jasshan.goel@students.iiit.ac.in",
                "jivitesh.jain@students.iiit.ac.in",
                "joseph.cherukara@research.iiit.ac.in",
                "umamahesh.j@students.iiit.ac.in",
                "anubhav.sharma@research.iiit.ac.in",
                "prerna.g@students.iiit.ac.in",
                "kshitesh.kasaraneni@students.iiit.ac.in",
                "manish.singh@research.iiit.ac.in",
                "daksh.rawat@students.iiit.ac.in",
                "kajal.sanklecha@research.iiit.ac.in",
                "sriharshitha.b@research.iiit.ac.in",
                "sonu.guru@students.iiit.ac.in",
                "satyajit.tourani@research.iiit.ac.in",
                "koushik.viswanadha@students.iiit.ac.in",
                "risubh.jain@students.iiit.ac.in",
                "abhishek.gangapuram@students.iiit.ac.in",
                "sai.tanmay@students.iiit.ac.in",
                "cvit.office@research.iiit.ac.in",
                "vishal.verma@students.iiit.ac.in",
                "sshreevignesh.s@research.iiit.ac.in",
                "mohsin.mamoon@students.iiit.ac.in",
                "vedant.mundheda@research.iiit.ac.in",
                "pranathi.bhuvanagiri@students.iiit.ac.in",
                "kanish.anand@students.iiit.ac.in",
                "shivprasad.sagare@research.iiit.ac.in"
            ]
        },
        {
            "title": "Class review 20 Question",
            "number": 3,
            "code": "q_20_2_2",
            "description": "Class review 20 Question 3\n",
            "start_time": "2020-10-07T09:00:15+05:30",
            "end_time": "2020-10-07T09:40:15+05:30",
            "tas": [
                "cvit.office@research.iiit.ac.in"
            ],
            "image": "main-20-2.pdf-2.png",
            "marks": 1,
            "options": [
                {
                    "name": "Option A",
                    "correct": false
                },
                {
                    "name": "Option B",
                    "correct": true
                },
                {
                    "name": "Option C",
                    "correct": false
                },
                {
                    "name": "Option D",
                    "correct": false
                },
                {
                    "name": "Option E",
                    "correct": false
                }
            ],
            "students": [
                "padma.lochan@research.iiit.ac.in",
                "jayant.duneja@students.iiit.ac.in",
                "nishant.sachdeva@research.iiit.ac.in",
                "kalp.shah@research.iiit.ac.in",
                "vasu.singhal@students.iiit.ac.in",
                "mayank.go@students.iiit.ac.in",
                "nikhil.lamba@research.iiit.ac.in",
                "fanish.jain@students.iiit.ac.in",
                "pramud.bommakanti@students.iiit.ac.in",
                "archit.goyal@research.iiit.ac.in",
                "shantanu.agrawal@students.iiit.ac.in",
                "jay.sharma@students.iiit.ac.in",
                "jhanvi.shingala@research.iiit.ac.in",
                "abhyudit.mohla@research.iiit.ac.in",
                "jaidev.shriram@students.iiit.ac.in",
                "jyoti.sunkara@students.iiit.ac.in",
                "amit.pandey@research.iiit.ac.in",
                "nikhil.e@research.iiit.ac.in",
                "vinay.kumar@students.iiit.ac.in",
                "umesh.chandra@students.iiit.ac.in",
                "satyam.viksit@students.iiit.ac.in",
                "amit.verma@students.iiit.ac.in",
                "shahbaz.shaik@research.iiit.ac.in",
                "hetav.panchani@students.iiit.ac.in",
                "loay.rashid@students.iiit.ac.in",
                "dipanwita.g@research.iiit.ac.in",
                "harshika.jain@students.iiit.ac.in",
                "sachin.chandani@students.iiit.ac.in",
                "krishna.tulsyan@research.iiit.ac.in",
                "supreeth.karan@research.iiit.ac.in",
                "haripraveen.s@students.iiit.ac.in",
                "vipul.chhabra@research.iiit.ac.in",
                "naman.baheti@students.iiit.ac.in",
                "arnav.juneja@students.iiit.ac.in",
                "sri.nemani@students.iiit.ac.in",
                "srivathsan.baskran@students.iiit.ac.in",
                "sarthak.tripathi@research.iiit.ac.in",
                "shivaan.sehgal@research.iiit.ac.in",
                "ammar.ahmed@students.iiit.ac.in",
                "siddharth.gaur@students.iiit.ac.in",
                "sai.shashank@research.iiit.ac.in",
                "abhishek.shah@students.iiit.ac.in",
                "sajal.khandelwal@research.iiit.ac.in",
                "shradha.sehgal@students.iiit.ac.in",
                "astitva.gupta@students.iiit.ac.in",
                "shikhar.garg@students.iiit.ac.in",
                "jasshan.goel@students.iiit.ac.in",
                "jivitesh.jain@students.iiit.ac.in",
                "joseph.cherukara@research.iiit.ac.in",
                "umamahesh.j@students.iiit.ac.in",
                "anubhav.sharma@research.iiit.ac.in",
                "prerna.g@students.iiit.ac.in",
                "kshitesh.kasaraneni@students.iiit.ac.in",
                "manish.singh@research.iiit.ac.in",
                "daksh.rawat@students.iiit.ac.in",
                "kajal.sanklecha@research.iiit.ac.in",
                "sriharshitha.b@research.iiit.ac.in",
                "sonu.guru@students.iiit.ac.in",
                "satyajit.tourani@research.iiit.ac.in",
                "koushik.viswanadha@students.iiit.ac.in",
                "risubh.jain@students.iiit.ac.in",
                "abhishek.gangapuram@students.iiit.ac.in",
                "sai.tanmay@students.iiit.ac.in",
                "cvit.office@research.iiit.ac.in",
                "vishal.verma@students.iiit.ac.in",
                "sshreevignesh.s@research.iiit.ac.in",
                "mohsin.mamoon@students.iiit.ac.in",
                "vedant.mundheda@research.iiit.ac.in",
                "pranathi.bhuvanagiri@students.iiit.ac.in",
                "kanish.anand@students.iiit.ac.in",
                "shivprasad.sagare@research.iiit.ac.in"
            ]
        },
        {
            "title": "Class review 20 Question",
            "number": 4,
            "code": "q_20_2_3",
            "description": "Class review 20 Question 4\n",
            "start_time": "2020-10-07T09:00:15+05:30",
            "end_time": "2020-10-07T09:40:15+05:30",
            "tas": [
                "cvit.office@research.iiit.ac.in"
            ],
            "image": "main-20-2.pdf-3.png",
            "marks": 1,
            "options": [
                {
                    "name": "Option A",
                    "correct": true
                },
                {
                    "name": "Option B",
                    "correct": false
                },
                {
                    "name": "Option C",
                    "correct": false
                },
                {
                    "name": "Option D",
                    "correct": true
                },
                {
                    "name": "Option E",
                    "correct": false
                }
            ],
            "students": [
                "padma.lochan@research.iiit.ac.in",
                "jayant.duneja@students.iiit.ac.in",
                "nishant.sachdeva@research.iiit.ac.in",
                "kalp.shah@research.iiit.ac.in",
                "vasu.singhal@students.iiit.ac.in",
                "mayank.go@students.iiit.ac.in",
                "nikhil.lamba@research.iiit.ac.in",
                "fanish.jain@students.iiit.ac.in",
                "pramud.bommakanti@students.iiit.ac.in",
                "archit.goyal@research.iiit.ac.in",
                "shantanu.agrawal@students.iiit.ac.in",
                "jay.sharma@students.iiit.ac.in",
                "jhanvi.shingala@research.iiit.ac.in",
                "abhyudit.mohla@research.iiit.ac.in",
                "jaidev.shriram@students.iiit.ac.in",
                "jyoti.sunkara@students.iiit.ac.in",
                "amit.pandey@research.iiit.ac.in",
                "nikhil.e@research.iiit.ac.in",
                "vinay.kumar@students.iiit.ac.in",
                "umesh.chandra@students.iiit.ac.in",
                "satyam.viksit@students.iiit.ac.in",
                "amit.verma@students.iiit.ac.in",
                "shahbaz.shaik@research.iiit.ac.in",
                "hetav.panchani@students.iiit.ac.in",
                "loay.rashid@students.iiit.ac.in",
                "dipanwita.g@research.iiit.ac.in",
                "harshika.jain@students.iiit.ac.in",
                "sachin.chandani@students.iiit.ac.in",
                "krishna.tulsyan@research.iiit.ac.in",
                "supreeth.karan@research.iiit.ac.in",
                "haripraveen.s@students.iiit.ac.in",
                "vipul.chhabra@research.iiit.ac.in",
                "naman.baheti@students.iiit.ac.in",
                "arnav.juneja@students.iiit.ac.in",
                "sri.nemani@students.iiit.ac.in",
                "srivathsan.baskran@students.iiit.ac.in",
                "sarthak.tripathi@research.iiit.ac.in",
                "shivaan.sehgal@research.iiit.ac.in",
                "ammar.ahmed@students.iiit.ac.in",
                "siddharth.gaur@students.iiit.ac.in",
                "sai.shashank@research.iiit.ac.in",
                "abhishek.shah@students.iiit.ac.in",
                "sajal.khandelwal@research.iiit.ac.in",
                "shradha.sehgal@students.iiit.ac.in",
                "astitva.gupta@students.iiit.ac.in",
                "shikhar.garg@students.iiit.ac.in",
                "jasshan.goel@students.iiit.ac.in",
                "jivitesh.jain@students.iiit.ac.in",
                "joseph.cherukara@research.iiit.ac.in",
                "umamahesh.j@students.iiit.ac.in",
                "anubhav.sharma@research.iiit.ac.in",
                "prerna.g@students.iiit.ac.in",
                "kshitesh.kasaraneni@students.iiit.ac.in",
                "manish.singh@research.iiit.ac.in",
                "daksh.rawat@students.iiit.ac.in",
                "kajal.sanklecha@research.iiit.ac.in",
                "sriharshitha.b@research.iiit.ac.in",
                "sonu.guru@students.iiit.ac.in",
                "satyajit.tourani@research.iiit.ac.in",
                "koushik.viswanadha@students.iiit.ac.in",
                "risubh.jain@students.iiit.ac.in",
                "abhishek.gangapuram@students.iiit.ac.in",
                "sai.tanmay@students.iiit.ac.in",
                "cvit.office@research.iiit.ac.in",
                "vishal.verma@students.iiit.ac.in",
                "sshreevignesh.s@research.iiit.ac.in",
                "mohsin.mamoon@students.iiit.ac.in",
                "vedant.mundheda@research.iiit.ac.in",
                "pranathi.bhuvanagiri@students.iiit.ac.in",
                "kanish.anand@students.iiit.ac.in",
                "shivprasad.sagare@research.iiit.ac.in"
            ]
        },
        {
            "title": "Class review 20 Question",
            "number": 5,
            "code": "q_20_2_4",
            "description": "Class review 20 Question 5\n",
            "start_time": "2020-10-07T09:00:15+05:30",
            "end_time": "2020-10-07T09:40:15+05:30",
            "tas": [
                "cvit.office@research.iiit.ac.in"
            ],
            "image": "main-20-2.pdf-4.png",
            "marks": 1,
            "options": [
                {
                    "name": "Option A",
                    "correct": true
                },
                {
                    "name": "Option B",
                    "correct": true
                },
                {
                    "name": "Option C",
                    "correct": true
                },
                {
                    "name": "Option D",
                    "correct": false
                },
                {
                    "name": "Option E",
                    "correct": false
                }
            ],
            "students": [
                "padma.lochan@research.iiit.ac.in",
                "jayant.duneja@students.iiit.ac.in",
                "nishant.sachdeva@research.iiit.ac.in",
                "kalp.shah@research.iiit.ac.in",
                "vasu.singhal@students.iiit.ac.in",
                "mayank.go@students.iiit.ac.in",
                "nikhil.lamba@research.iiit.ac.in",
                "fanish.jain@students.iiit.ac.in",
                "pramud.bommakanti@students.iiit.ac.in",
                "archit.goyal@research.iiit.ac.in",
                "shantanu.agrawal@students.iiit.ac.in",
                "jay.sharma@students.iiit.ac.in",
                "jhanvi.shingala@research.iiit.ac.in",
                "abhyudit.mohla@research.iiit.ac.in",
                "jaidev.shriram@students.iiit.ac.in",
                "jyoti.sunkara@students.iiit.ac.in",
                "amit.pandey@research.iiit.ac.in",
                "nikhil.e@research.iiit.ac.in",
                "vinay.kumar@students.iiit.ac.in",
                "umesh.chandra@students.iiit.ac.in",
                "satyam.viksit@students.iiit.ac.in",
                "amit.verma@students.iiit.ac.in",
                "shahbaz.shaik@research.iiit.ac.in",
                "hetav.panchani@students.iiit.ac.in",
                "loay.rashid@students.iiit.ac.in",
                "dipanwita.g@research.iiit.ac.in",
                "harshika.jain@students.iiit.ac.in",
                "sachin.chandani@students.iiit.ac.in",
                "krishna.tulsyan@research.iiit.ac.in",
                "supreeth.karan@research.iiit.ac.in",
                "haripraveen.s@students.iiit.ac.in",
                "vipul.chhabra@research.iiit.ac.in",
                "naman.baheti@students.iiit.ac.in",
                "arnav.juneja@students.iiit.ac.in",
                "sri.nemani@students.iiit.ac.in",
                "srivathsan.baskran@students.iiit.ac.in",
                "sarthak.tripathi@research.iiit.ac.in",
                "shivaan.sehgal@research.iiit.ac.in",
                "ammar.ahmed@students.iiit.ac.in",
                "siddharth.gaur@students.iiit.ac.in",
                "sai.shashank@research.iiit.ac.in",
                "abhishek.shah@students.iiit.ac.in",
                "sajal.khandelwal@research.iiit.ac.in",
                "shradha.sehgal@students.iiit.ac.in",
                "astitva.gupta@students.iiit.ac.in",
                "shikhar.garg@students.iiit.ac.in",
                "jasshan.goel@students.iiit.ac.in",
                "jivitesh.jain@students.iiit.ac.in",
                "joseph.cherukara@research.iiit.ac.in",
                "umamahesh.j@students.iiit.ac.in",
                "anubhav.sharma@research.iiit.ac.in",
                "prerna.g@students.iiit.ac.in",
                "kshitesh.kasaraneni@students.iiit.ac.in",
                "manish.singh@research.iiit.ac.in",
                "daksh.rawat@students.iiit.ac.in",
                "kajal.sanklecha@research.iiit.ac.in",
                "sriharshitha.b@research.iiit.ac.in",
                "sonu.guru@students.iiit.ac.in",
                "satyajit.tourani@research.iiit.ac.in",
                "koushik.viswanadha@students.iiit.ac.in",
                "risubh.jain@students.iiit.ac.in",
                "abhishek.gangapuram@students.iiit.ac.in",
                "sai.tanmay@students.iiit.ac.in",
                "cvit.office@research.iiit.ac.in",
                "vishal.verma@students.iiit.ac.in",
                "sshreevignesh.s@research.iiit.ac.in",
                "mohsin.mamoon@students.iiit.ac.in",
                "vedant.mundheda@research.iiit.ac.in",
                "pranathi.bhuvanagiri@students.iiit.ac.in",
                "kanish.anand@students.iiit.ac.in",
                "shivprasad.sagare@research.iiit.ac.in"
            ]
        },
        {
            "title": "Class review 20 Question",
            "number": 1,
            "code": "q_20_3_0",
            "description": "Class review 20 Question 1\n",
            "start_time": "2020-10-07T09:00:15+05:30",
            "end_time": "2020-10-07T09:40:15+05:30",
            "tas": [
                "cvit.office@research.iiit.ac.in"
            ],
            "image": "main-20-3.pdf-0.png",
            "marks": 1,
            "options": [
                {
                    "name": "Option A",
                    "correct": true
                },
                {
                    "name": "Option B",
                    "correct": false
                },
                {
                    "name": "Option C",
                    "correct": true
                },
                {
                    "name": "Option D",
                    "correct": false
                },
                {
                    "name": "Option E",
                    "correct": false
                }
            ],
            "students": [
                "shreeya.pahune@research.iiit.ac.in",
                "manvith.reddy@students.iiit.ac.in",
                "avlok.gupta@research.iiit.ac.in",
                "kartik.agarwal@students.iiit.ac.in",
                "sumanth.balaji@research.iiit.ac.in",
                "saransh.rajput@research.iiit.ac.in",
                "gaurang.tandon@students.iiit.ac.in",
                "tanvi.karandikar@students.iiit.ac.in",
                "tathagata.raha@research.iiit.ac.in",
                "chris.andrew@research.iiit.ac.in",
                "battula.manikanta@students.iiit.ac.in",
                "dixit.kumar@students.iiit.ac.in",
                "adarsh.dharmadevan@research.iiit.ac.in",
                "bhavyajeet.singh@research.iiit.ac.in",
                "nikunj.nawal@research.iiit.ac.in",
                "tanmay.garg@students.iiit.ac.in",
                "anirudh.palutla@research.iiit.ac.in",
                "radhika.rao@research.iiit.ac.in",
                "snehangshu.b@research.iiit.ac.in",
                "sudhansh.yelishetty@students.iiit.ac.in",
                "ramaguru.guru@research.iiit.ac.in",
                "nihar.potturu@students.iiit.ac.in",
                "siddharth.de@students.iiit.ac.in",
                "shanthika.naik@research.iiit.ac.in",
                "rahul.kashyap@students.iiit.ac.in",
                "mehul.goyal@students.iiit.ac.in",
                "anshul.goyal@research.iiit.ac.in",
                "ayan.biswas@research.iiit.ac.in",
                "aryamaan.jain@research.iiit.ac.in",
                "aditya.shinde@students.iiit.ac.in",
                "kaustab.pal@research.iiit.ac.in",
                "anshul.padhi@research.iiit.ac.in",
                "s.aryaman@research.iiit.ac.in",
                "yash.bhansali@students.iiit.ac.in",
                "tanmay.pathak@students.iiit.ac.in",
                "aman.goel@students.iiit.ac.in",
                "manas.kabre@research.iiit.ac.in",
                "sanskar.tibrewal@research.iiit.ac.in",
                "shrey.agrawal@research.iiit.ac.in",
                "sarthak.mahajan@research.iiit.ac.in",
                "aditya.gupta@students.iiit.ac.in",
                "vikrant.dewangan@research.iiit.ac.in",
                "spanddhana.sara@research.iiit.ac.in",
                "mohd.omama@research.iiit.ac.in",
                "ishan.sanjeev@research.iiit.ac.in",
                "akash.verma@students.iiit.ac.in",
                "bhavesh.shukla@students.iiit.ac.in",
                "jai.bardhan@research.iiit.ac.in",
                "venkata.koushik@students.iiit.ac.in",
                "k.v.aditya@research.iiit.ac.in",
                "sambhav.solanki@research.iiit.ac.in",
                "karsh.tandon@students.iiit.ac.in",
                "avani.gupta@research.iiit.ac.in",
                "manish.1073@students.iiit.ac.in",
                "azhagammal.sc@research.iiit.ac.in",
                "arathy.rose@students.iiit.ac.in",
                "sandeep.reddy@students.iiit.ac.in",
                "sai.seetarama@students.iiit.ac.in",
                "rohit.datta@students.iiit.ac.in",
                "srinath.nair@research.iiit.ac.in",
                "akshat.chhajer@research.iiit.ac.in",
                "mrinal.khubchandani@students.iiit.ac.in",
                "ashwin.gopinath@students.iiit.ac.in",
                "chaitanya.agarwal@research.iiit.ac.in",
                "durgaprasad.d@research.iiit.ac.in",
                "ashok.urlana@research.iiit.ac.in",
                "neeraj.kollepara@students.iiit.ac.in",
                "akshit.garg@research.iiit.ac.in",
                "sai.manaswini@students.iiit.ac.in",
                "pranav.goyal@research.iiit.ac.in",
                "amogh.tiwari@research.iiit.ac.in",
                "sahil.bhatt@research.iiit.ac.in"
            ]
        },
        {
            "title": "Class review 20 Question",
            "number": 2,
            "code": "q_20_3_1",
            "description": "Class review 20 Question 2\n",
            "start_time": "2020-10-07T09:00:15+05:30",
            "end_time": "2020-10-07T09:40:15+05:30",
            "tas": [
                "cvit.office@research.iiit.ac.in"
            ],
            "image": "main-20-3.pdf-1.png",
            "marks": 1,
            "options": [
                {
                    "name": "Option A",
                    "correct": false
                },
                {
                    "name": "Option B",
                    "correct": false
                },
                {
                    "name": "Option C",
                    "correct": false
                },
                {
                    "name": "Option D",
                    "correct": true
                },
                {
                    "name": "Option E",
                    "correct": false
                }
            ],
            "students": [
                "shreeya.pahune@research.iiit.ac.in",
                "manvith.reddy@students.iiit.ac.in",
                "avlok.gupta@research.iiit.ac.in",
                "kartik.agarwal@students.iiit.ac.in",
                "sumanth.balaji@research.iiit.ac.in",
                "saransh.rajput@research.iiit.ac.in",
                "gaurang.tandon@students.iiit.ac.in",
                "tanvi.karandikar@students.iiit.ac.in",
                "tathagata.raha@research.iiit.ac.in",
                "chris.andrew@research.iiit.ac.in",
                "battula.manikanta@students.iiit.ac.in",
                "dixit.kumar@students.iiit.ac.in",
                "adarsh.dharmadevan@research.iiit.ac.in",
                "bhavyajeet.singh@research.iiit.ac.in",
                "nikunj.nawal@research.iiit.ac.in",
                "tanmay.garg@students.iiit.ac.in",
                "anirudh.palutla@research.iiit.ac.in",
                "radhika.rao@research.iiit.ac.in",
                "snehangshu.b@research.iiit.ac.in",
                "sudhansh.yelishetty@students.iiit.ac.in",
                "ramaguru.guru@research.iiit.ac.in",
                "nihar.potturu@students.iiit.ac.in",
                "siddharth.de@students.iiit.ac.in",
                "shanthika.naik@research.iiit.ac.in",
                "rahul.kashyap@students.iiit.ac.in",
                "mehul.goyal@students.iiit.ac.in",
                "anshul.goyal@research.iiit.ac.in",
                "ayan.biswas@research.iiit.ac.in",
                "aryamaan.jain@research.iiit.ac.in",
                "aditya.shinde@students.iiit.ac.in",
                "kaustab.pal@research.iiit.ac.in",
                "anshul.padhi@research.iiit.ac.in",
                "s.aryaman@research.iiit.ac.in",
                "yash.bhansali@students.iiit.ac.in",
                "tanmay.pathak@students.iiit.ac.in",
                "aman.goel@students.iiit.ac.in",
                "manas.kabre@research.iiit.ac.in",
                "sanskar.tibrewal@research.iiit.ac.in",
                "shrey.agrawal@research.iiit.ac.in",
                "sarthak.mahajan@research.iiit.ac.in",
                "aditya.gupta@students.iiit.ac.in",
                "vikrant.dewangan@research.iiit.ac.in",
                "spanddhana.sara@research.iiit.ac.in",
                "mohd.omama@research.iiit.ac.in",
                "ishan.sanjeev@research.iiit.ac.in",
                "akash.verma@students.iiit.ac.in",
                "bhavesh.shukla@students.iiit.ac.in",
                "jai.bardhan@research.iiit.ac.in",
                "venkata.koushik@students.iiit.ac.in",
                "k.v.aditya@research.iiit.ac.in",
                "sambhav.solanki@research.iiit.ac.in",
                "karsh.tandon@students.iiit.ac.in",
                "avani.gupta@research.iiit.ac.in",
                "manish.1073@students.iiit.ac.in",
                "azhagammal.sc@research.iiit.ac.in",
                "arathy.rose@students.iiit.ac.in",
                "sandeep.reddy@students.iiit.ac.in",
                "sai.seetarama@students.iiit.ac.in",
                "rohit.datta@students.iiit.ac.in",
                "srinath.nair@research.iiit.ac.in",
                "akshat.chhajer@research.iiit.ac.in",
                "mrinal.khubchandani@students.iiit.ac.in",
                "ashwin.gopinath@students.iiit.ac.in",
                "chaitanya.agarwal@research.iiit.ac.in",
                "durgaprasad.d@research.iiit.ac.in",
                "ashok.urlana@research.iiit.ac.in",
                "neeraj.kollepara@students.iiit.ac.in",
                "akshit.garg@research.iiit.ac.in",
                "sai.manaswini@students.iiit.ac.in",
                "pranav.goyal@research.iiit.ac.in",
                "amogh.tiwari@research.iiit.ac.in",
                "sahil.bhatt@research.iiit.ac.in"
            ]
        },
        {
            "title": "Class review 20 Question",
            "number": 3,
            "code": "q_20_3_2",
            "description": "Class review 20 Question 3\n",
            "start_time": "2020-10-07T09:00:15+05:30",
            "end_time": "2020-10-07T09:40:15+05:30",
            "tas": [
                "cvit.office@research.iiit.ac.in"
            ],
            "image": "main-20-3.pdf-2.png",
            "marks": 1,
            "options": [
                {
                    "name": "Option A",
                    "correct": true
                },
                {
                    "name": "Option B",
                    "correct": true
                },
                {
                    "name": "Option C",
                    "correct": false
                },
                {
                    "name": "Option D",
                    "correct": false
                },
                {
                    "name": "Option E",
                    "correct": true
                }
            ],
            "students": [
                "shreeya.pahune@research.iiit.ac.in",
                "manvith.reddy@students.iiit.ac.in",
                "avlok.gupta@research.iiit.ac.in",
                "kartik.agarwal@students.iiit.ac.in",
                "sumanth.balaji@research.iiit.ac.in",
                "saransh.rajput@research.iiit.ac.in",
                "gaurang.tandon@students.iiit.ac.in",
                "tanvi.karandikar@students.iiit.ac.in",
                "tathagata.raha@research.iiit.ac.in",
                "chris.andrew@research.iiit.ac.in",
                "battula.manikanta@students.iiit.ac.in",
                "dixit.kumar@students.iiit.ac.in",
                "adarsh.dharmadevan@research.iiit.ac.in",
                "bhavyajeet.singh@research.iiit.ac.in",
                "nikunj.nawal@research.iiit.ac.in",
                "tanmay.garg@students.iiit.ac.in",
                "anirudh.palutla@research.iiit.ac.in",
                "radhika.rao@research.iiit.ac.in",
                "snehangshu.b@research.iiit.ac.in",
                "sudhansh.yelishetty@students.iiit.ac.in",
                "ramaguru.guru@research.iiit.ac.in",
                "nihar.potturu@students.iiit.ac.in",
                "siddharth.de@students.iiit.ac.in",
                "shanthika.naik@research.iiit.ac.in",
                "rahul.kashyap@students.iiit.ac.in",
                "mehul.goyal@students.iiit.ac.in",
                "anshul.goyal@research.iiit.ac.in",
                "ayan.biswas@research.iiit.ac.in",
                "aryamaan.jain@research.iiit.ac.in",
                "aditya.shinde@students.iiit.ac.in",
                "kaustab.pal@research.iiit.ac.in",
                "anshul.padhi@research.iiit.ac.in",
                "s.aryaman@research.iiit.ac.in",
                "yash.bhansali@students.iiit.ac.in",
                "tanmay.pathak@students.iiit.ac.in",
                "aman.goel@students.iiit.ac.in",
                "manas.kabre@research.iiit.ac.in",
                "sanskar.tibrewal@research.iiit.ac.in",
                "shrey.agrawal@research.iiit.ac.in",
                "sarthak.mahajan@research.iiit.ac.in",
                "aditya.gupta@students.iiit.ac.in",
                "vikrant.dewangan@research.iiit.ac.in",
                "spanddhana.sara@research.iiit.ac.in",
                "mohd.omama@research.iiit.ac.in",
                "ishan.sanjeev@research.iiit.ac.in",
                "akash.verma@students.iiit.ac.in",
                "bhavesh.shukla@students.iiit.ac.in",
                "jai.bardhan@research.iiit.ac.in",
                "venkata.koushik@students.iiit.ac.in",
                "k.v.aditya@research.iiit.ac.in",
                "sambhav.solanki@research.iiit.ac.in",
                "karsh.tandon@students.iiit.ac.in",
                "avani.gupta@research.iiit.ac.in",
                "manish.1073@students.iiit.ac.in",
                "azhagammal.sc@research.iiit.ac.in",
                "arathy.rose@students.iiit.ac.in",
                "sandeep.reddy@students.iiit.ac.in",
                "sai.seetarama@students.iiit.ac.in",
                "rohit.datta@students.iiit.ac.in",
                "srinath.nair@research.iiit.ac.in",
                "akshat.chhajer@research.iiit.ac.in",
                "mrinal.khubchandani@students.iiit.ac.in",
                "ashwin.gopinath@students.iiit.ac.in",
                "chaitanya.agarwal@research.iiit.ac.in",
                "durgaprasad.d@research.iiit.ac.in",
                "ashok.urlana@research.iiit.ac.in",
                "neeraj.kollepara@students.iiit.ac.in",
                "akshit.garg@research.iiit.ac.in",
                "sai.manaswini@students.iiit.ac.in",
                "pranav.goyal@research.iiit.ac.in",
                "amogh.tiwari@research.iiit.ac.in",
                "sahil.bhatt@research.iiit.ac.in"
            ]
        },
        {
            "title": "Class review 20 Question",
            "number": 4,
            "code": "q_20_3_3",
            "description": "Class review 20 Question 4\n",
            "start_time": "2020-10-07T09:00:15+05:30",
            "end_time": "2020-10-07T09:40:15+05:30",
            "tas": [
                "cvit.office@research.iiit.ac.in"
            ],
            "image": "main-20-3.pdf-3.png",
            "marks": 1,
            "options": [
                {
                    "name": "Option A",
                    "correct": false
                },
                {
                    "name": "Option B",
                    "correct": true
                },
                {
                    "name": "Option C",
                    "correct": false
                },
                {
                    "name": "Option D",
                    "correct": false
                },
                {
                    "name": "Option E",
                    "correct": false
                }
            ],
            "students": [
                "shreeya.pahune@research.iiit.ac.in",
                "manvith.reddy@students.iiit.ac.in",
                "avlok.gupta@research.iiit.ac.in",
                "kartik.agarwal@students.iiit.ac.in",
                "sumanth.balaji@research.iiit.ac.in",
                "saransh.rajput@research.iiit.ac.in",
                "gaurang.tandon@students.iiit.ac.in",
                "tanvi.karandikar@students.iiit.ac.in",
                "tathagata.raha@research.iiit.ac.in",
                "chris.andrew@research.iiit.ac.in",
                "battula.manikanta@students.iiit.ac.in",
                "dixit.kumar@students.iiit.ac.in",
                "adarsh.dharmadevan@research.iiit.ac.in",
                "bhavyajeet.singh@research.iiit.ac.in",
                "nikunj.nawal@research.iiit.ac.in",
                "tanmay.garg@students.iiit.ac.in",
                "anirudh.palutla@research.iiit.ac.in",
                "radhika.rao@research.iiit.ac.in",
                "snehangshu.b@research.iiit.ac.in",
                "sudhansh.yelishetty@students.iiit.ac.in",
                "ramaguru.guru@research.iiit.ac.in",
                "nihar.potturu@students.iiit.ac.in",
                "siddharth.de@students.iiit.ac.in",
                "shanthika.naik@research.iiit.ac.in",
                "rahul.kashyap@students.iiit.ac.in",
                "mehul.goyal@students.iiit.ac.in",
                "anshul.goyal@research.iiit.ac.in",
                "ayan.biswas@research.iiit.ac.in",
                "aryamaan.jain@research.iiit.ac.in",
                "aditya.shinde@students.iiit.ac.in",
                "kaustab.pal@research.iiit.ac.in",
                "anshul.padhi@research.iiit.ac.in",
                "s.aryaman@research.iiit.ac.in",
                "yash.bhansali@students.iiit.ac.in",
                "tanmay.pathak@students.iiit.ac.in",
                "aman.goel@students.iiit.ac.in",
                "manas.kabre@research.iiit.ac.in",
                "sanskar.tibrewal@research.iiit.ac.in",
                "shrey.agrawal@research.iiit.ac.in",
                "sarthak.mahajan@research.iiit.ac.in",
                "aditya.gupta@students.iiit.ac.in",
                "vikrant.dewangan@research.iiit.ac.in",
                "spanddhana.sara@research.iiit.ac.in",
                "mohd.omama@research.iiit.ac.in",
                "ishan.sanjeev@research.iiit.ac.in",
                "akash.verma@students.iiit.ac.in",
                "bhavesh.shukla@students.iiit.ac.in",
                "jai.bardhan@research.iiit.ac.in",
                "venkata.koushik@students.iiit.ac.in",
                "k.v.aditya@research.iiit.ac.in",
                "sambhav.solanki@research.iiit.ac.in",
                "karsh.tandon@students.iiit.ac.in",
                "avani.gupta@research.iiit.ac.in",
                "manish.1073@students.iiit.ac.in",
                "azhagammal.sc@research.iiit.ac.in",
                "arathy.rose@students.iiit.ac.in",
                "sandeep.reddy@students.iiit.ac.in",
                "sai.seetarama@students.iiit.ac.in",
                "rohit.datta@students.iiit.ac.in",
                "srinath.nair@research.iiit.ac.in",
                "akshat.chhajer@research.iiit.ac.in",
                "mrinal.khubchandani@students.iiit.ac.in",
                "ashwin.gopinath@students.iiit.ac.in",
                "chaitanya.agarwal@research.iiit.ac.in",
                "durgaprasad.d@research.iiit.ac.in",
                "ashok.urlana@research.iiit.ac.in",
                "neeraj.kollepara@students.iiit.ac.in",
                "akshit.garg@research.iiit.ac.in",
                "sai.manaswini@students.iiit.ac.in",
                "pranav.goyal@research.iiit.ac.in",
                "amogh.tiwari@research.iiit.ac.in",
                "sahil.bhatt@research.iiit.ac.in"
            ]
        },
        {
            "title": "Class review 20 Question",
            "number": 5,
            "code": "q_20_3_4",
            "description": "Class review 20 Question 5\n",
            "start_time": "2020-10-07T09:00:15+05:30",
            "end_time": "2020-10-07T09:40:15+05:30",
            "tas": [
                "cvit.office@research.iiit.ac.in"
            ],
            "image": "main-20-3.pdf-4.png",
            "marks": 1,
            "options": [
                {
                    "name": "Option A",
                    "correct": false
                },
                {
                    "name": "Option B",
                    "correct": true
                },
                {
                    "name": "Option C",
                    "correct": true
                },
                {
                    "name": "Option D",
                    "correct": false
                },
                {
                    "name": "Option E",
                    "correct": false
                }
            ],
            "students": [
                "shreeya.pahune@research.iiit.ac.in",
                "manvith.reddy@students.iiit.ac.in",
                "avlok.gupta@research.iiit.ac.in",
                "kartik.agarwal@students.iiit.ac.in",
                "sumanth.balaji@research.iiit.ac.in",
                "saransh.rajput@research.iiit.ac.in",
                "gaurang.tandon@students.iiit.ac.in",
                "tanvi.karandikar@students.iiit.ac.in",
                "tathagata.raha@research.iiit.ac.in",
                "chris.andrew@research.iiit.ac.in",
                "battula.manikanta@students.iiit.ac.in",
                "dixit.kumar@students.iiit.ac.in",
                "adarsh.dharmadevan@research.iiit.ac.in",
                "bhavyajeet.singh@research.iiit.ac.in",
                "nikunj.nawal@research.iiit.ac.in",
                "tanmay.garg@students.iiit.ac.in",
                "anirudh.palutla@research.iiit.ac.in",
                "radhika.rao@research.iiit.ac.in",
                "snehangshu.b@research.iiit.ac.in",
                "sudhansh.yelishetty@students.iiit.ac.in",
                "ramaguru.guru@research.iiit.ac.in",
                "nihar.potturu@students.iiit.ac.in",
                "siddharth.de@students.iiit.ac.in",
                "shanthika.naik@research.iiit.ac.in",
                "rahul.kashyap@students.iiit.ac.in",
                "mehul.goyal@students.iiit.ac.in",
                "anshul.goyal@research.iiit.ac.in",
                "ayan.biswas@research.iiit.ac.in",
                "aryamaan.jain@research.iiit.ac.in",
                "aditya.shinde@students.iiit.ac.in",
                "kaustab.pal@research.iiit.ac.in",
                "anshul.padhi@research.iiit.ac.in",
                "s.aryaman@research.iiit.ac.in",
                "yash.bhansali@students.iiit.ac.in",
                "tanmay.pathak@students.iiit.ac.in",
                "aman.goel@students.iiit.ac.in",
                "manas.kabre@research.iiit.ac.in",
                "sanskar.tibrewal@research.iiit.ac.in",
                "shrey.agrawal@research.iiit.ac.in",
                "sarthak.mahajan@research.iiit.ac.in",
                "aditya.gupta@students.iiit.ac.in",
                "vikrant.dewangan@research.iiit.ac.in",
                "spanddhana.sara@research.iiit.ac.in",
                "mohd.omama@research.iiit.ac.in",
                "ishan.sanjeev@research.iiit.ac.in",
                "akash.verma@students.iiit.ac.in",
                "bhavesh.shukla@students.iiit.ac.in",
                "jai.bardhan@research.iiit.ac.in",
                "venkata.koushik@students.iiit.ac.in",
                "k.v.aditya@research.iiit.ac.in",
                "sambhav.solanki@research.iiit.ac.in",
                "karsh.tandon@students.iiit.ac.in",
                "avani.gupta@research.iiit.ac.in",
                "manish.1073@students.iiit.ac.in",
                "azhagammal.sc@research.iiit.ac.in",
                "arathy.rose@students.iiit.ac.in",
                "sandeep.reddy@students.iiit.ac.in",
                "sai.seetarama@students.iiit.ac.in",
                "rohit.datta@students.iiit.ac.in",
                "srinath.nair@research.iiit.ac.in",
                "akshat.chhajer@research.iiit.ac.in",
                "mrinal.khubchandani@students.iiit.ac.in",
                "ashwin.gopinath@students.iiit.ac.in",
                "chaitanya.agarwal@research.iiit.ac.in",
                "durgaprasad.d@research.iiit.ac.in",
                "ashok.urlana@research.iiit.ac.in",
                "neeraj.kollepara@students.iiit.ac.in",
                "akshit.garg@research.iiit.ac.in",
                "sai.manaswini@students.iiit.ac.in",
                "pranav.goyal@research.iiit.ac.in",
                "amogh.tiwari@research.iiit.ac.in",
                "sahil.bhatt@research.iiit.ac.in"
            ]
        }
    ]
}