{
    "title": "Test RQ",
    "code": "trq5",
    "number": 5,
    "description": "Bulk uploaded assignment for class review",
    "questions": [
        {
            "title": "Review question",
            "number": 1,
            "code": "q_5_0_0",
            "description": "Answer the question",
            "start_time": "2020-08-31T09:00:15+05:30",
            "end_time": "2020-08-31T10:00:15+05:30",
            "tas": [
                "cvit.office@research.iiit.ac.in"
            ],
            "image": "main-5-0.pdf-0.png",
            "marks": 1,
            "options": [
                {
                    "name": "Option A",
                    "correct": false
                },
                {
                    "name": "Option B",
                    "correct": false
                },
                {
                    "name": "Option C",
                    "correct": false
                },
                {
                    "name": "Option D",
                    "correct": false
                },
                {
                    "name": "Option E",
                    "correct": false
                }
            ]
        },
        {
            "title": "Review question",
            "number": 2,
            "code": "q_5_0_1",
            "description": "Answer the question",
            "start_time": "2020-08-31T09:00:15+05:30",
            "end_time": "2020-08-31T10:00:15+05:30",
            "tas": [
                "cvit.office@research.iiit.ac.in"
            ],
            "image": "main-5-0.pdf-1.png",
            "marks": 1,
            "options": [
                {
                    "name": "Option A",
                    "correct": false
                },
                {
                    "name": "Option B",
                    "correct": false
                },
                {
                    "name": "Option C",
                    "correct": false
                },
                {
                    "name": "Option D",
                    "correct": false
                },
                {
                    "name": "Option E",
                    "correct": false
                }
            ]
        },
        {
            "title": "Review question",
            "number": 3,
            "code": "q_5_0_2",
            "description": "Answer the question",
            "start_time": "2020-08-31T09:00:15+05:30",
            "end_time": "2020-08-31T10:00:15+05:30",
            "tas": [
                "cvit.office@research.iiit.ac.in"
            ],
            "image": "main-5-0.pdf-2.png",
            "marks": 1,
            "options": [
                {
                    "name": "Option A",
                    "correct": false
                },
                {
                    "name": "Option B",
                    "correct": false
                },
                {
                    "name": "Option C",
                    "correct": false
                },
                {
                    "name": "Option D",
                    "correct": false
                },
                {
                    "name": "Option E",
                    "correct": false
                }
            ]
        },
        {
            "title": "Review question",
            "number": 4,
            "code": "q_5_0_3",
            "description": "Answer the question",
            "start_time": "2020-08-31T09:00:15+05:30",
            "end_time": "2020-08-31T10:00:15+05:30",
            "tas": [
                "cvit.office@research.iiit.ac.in"
            ],
            "image": "main-5-0.pdf-3.png",
            "marks": 1,
            "options": [
                {
                    "name": "Option A",
                    "correct": false
                },
                {
                    "name": "Option B",
                    "correct": false
                },
                {
                    "name": "Option C",
                    "correct": false
                },
                {
                    "name": "Option D",
                    "correct": false
                },
                {
                    "name": "Option E",
                    "correct": false
                }
            ]
        },
        {
            "title": "Review question",
            "number": 5,
            "code": "q_5_0_4",
            "description": "Answer the question",
            "start_time": "2020-08-31T09:00:15+05:30",
            "end_time": "2020-08-31T10:00:15+05:30",
            "tas": [
                "cvit.office@research.iiit.ac.in"
            ],
            "image": "main-5-0.pdf-4.png",
            "marks": 1,
            "options": [
                {
                    "name": "Option A",
                    "correct": false
                },
                {
                    "name": "Option B",
                    "correct": false
                },
                {
                    "name": "Option C",
                    "correct": false
                },
                {
                    "name": "Option D",
                    "correct": false
                },
                {
                    "name": "Option E",
                    "correct": false
                }
            ]
        },
        {
            "title": "Review question",
            "number": 1,
            "code": "q_5_1_0",
            "description": "Answer the question",
            "start_time": "2020-08-31T09:00:15+05:30",
            "end_time": "2020-08-31T10:00:15+05:30",
            "tas": [
                "cvit.office@research.iiit.ac.in"
            ],
            "image": "main-5-1.pdf-0.png",
            "marks": 1,
            "options": [
                {
                    "name": "Option A",
                    "correct": false
                },
                {
                    "name": "Option B",
                    "correct": false
                },
                {
                    "name": "Option C",
                    "correct": false
                },
                {
                    "name": "Option D",
                    "correct": false
                },
                {
                    "name": "Option E",
                    "correct": false
                }
            ]
        },
        {
            "title": "Review question",
            "number": 2,
            "code": "q_5_1_1",
            "description": "Answer the question",
            "start_time": "2020-08-31T09:00:15+05:30",
            "end_time": "2020-08-31T10:00:15+05:30",
            "tas": [
                "cvit.office@research.iiit.ac.in"
            ],
            "image": "main-5-1.pdf-1.png",
            "marks": 1,
            "options": [
                {
                    "name": "Option A",
                    "correct": false
                },
                {
                    "name": "Option B",
                    "correct": false
                },
                {
                    "name": "Option C",
                    "correct": false
                },
                {
                    "name": "Option D",
                    "correct": false
                },
                {
                    "name": "Option E",
                    "correct": false
                }
            ]
        },
        {
            "title": "Review question",
            "number": 3,
            "code": "q_5_1_2",
            "description": "Answer the question",
            "start_time": "2020-08-31T09:00:15+05:30",
            "end_time": "2020-08-31T10:00:15+05:30",
            "tas": [
                "cvit.office@research.iiit.ac.in"
            ],
            "image": "main-5-1.pdf-2.png",
            "marks": 1,
            "options": [
                {
                    "name": "Option A",
                    "correct": false
                },
                {
                    "name": "Option B",
                    "correct": false
                },
                {
                    "name": "Option C",
                    "correct": false
                },
                {
                    "name": "Option D",
                    "correct": false
                },
                {
                    "name": "Option E",
                    "correct": false
                }
            ]
        },
        {
            "title": "Review question",
            "number": 4,
            "code": "q_5_1_3",
            "description": "Answer the question",
            "start_time": "2020-08-31T09:00:15+05:30",
            "end_time": "2020-08-31T10:00:15+05:30",
            "tas": [
                "cvit.office@research.iiit.ac.in"
            ],
            "image": "main-5-1.pdf-3.png",
            "marks": 1,
            "options": [
                {
                    "name": "Option A",
                    "correct": false
                },
                {
                    "name": "Option B",
                    "correct": false
                },
                {
                    "name": "Option C",
                    "correct": false
                },
                {
                    "name": "Option D",
                    "correct": false
                },
                {
                    "name": "Option E",
                    "correct": false
                }
            ]
        },
        {
            "title": "Review question",
            "number": 5,
            "code": "q_5_1_4",
            "description": "Answer the question",
            "start_time": "2020-08-31T09:00:15+05:30",
            "end_time": "2020-08-31T10:00:15+05:30",
            "tas": [
                "cvit.office@research.iiit.ac.in"
            ],
            "image": "main-5-1.pdf-4.png",
            "marks": 1,
            "options": [
                {
                    "name": "Option A",
                    "correct": false
                },
                {
                    "name": "Option B",
                    "correct": false
                },
                {
                    "name": "Option C",
                    "correct": false
                },
                {
                    "name": "Option D",
                    "correct": false
                },
                {
                    "name": "Option E",
                    "correct": false
                }
            ]
        }
    ]
}